"challenge_id","question_id","question_text","answer_id","answer_text"
702,3372,"In the title block, what name appears directly after the word ""By""?",3372,Howard Pyle
702,3373,What is the stated role of the lord associated with Drachenhausen?,3373,a robber baron
702,3374,Which exact four-word name is given for the new emperor mentioned in Germany?,3374,Count Rudolph of Hapsburg
702,3375,"In the stated reason introduced by ""for complaint had been lodged against him"", who is named?",3375,Baron Henry
702,3376,"In the Abbot’s quoted reply, what words come immediately after ""not until thou art""?",3376,healed in body
703,3377,In what year did Felix von Kraus receive a doctorate in musicology from the University of Vienna?,3377,1894
703,3378,What is the exact title of the weekly one-hour local sports interview show Mark Potter hosted?,3378,'SportsMark'
703,3379,What date is given for Uriel Weinreich's death of cancer?,3379,"March 30, 1967"
703,3380,Which composer's works did Felix von Kraus specialize in?,3380,Richard Wagner
703,3381,"After his test, which two Formula One teams are named as exceptions to contacting Jos Verstappen?",3381,Ferrari and Williams
704,3382,"As of 2015, how many Emmy Awards had Drew Esocoff won?",3382,11
704,3383,What is the stated release date of The Market of Souls (by Paramount Pictures)?,3383,"September 7, 1919"
704,3384,A print of The Market of Souls is held in which named collection?,3384,the Gosfilmofond collection
704,3385,"Under Preservation, The Ship of Souls is described as what?",3385,a lost film
704,3386,The Motion Picture Directors Association is described as a forerunner to what?,3386,Directors Guild of America
705,3387,What number is given for the Fleet Post Office (FPO#) at Guadalcanal?,3387,145
705,3388,"In the teletype message that begins ""Message authenticator: Hatefulness — Hatefulness"", what is the message authenticator code word shown after the colon?",3388,Hatefulness
705,3389,How many were transported to a barren moon by the Skrulls (Cotati group)?,3389,17
705,3390,Complete the quoted reason: they believed that all plants were ____.,3390,beneath their notice
705,3391,"Only stations holding what may stay on air, according to the teletype message?",3391,NDEA
706,3392,"In Passage 1, what month and year is given for the achievement of career ranking 57?",3392,October 2011
706,3393,"In Passage 4, how many children does Baglan Mailybayev have?",3393,two children
706,3394,"In Passage 8, what single-word era name is listed under the heading “Era name”?",3394,Yuanxi
706,3395,"In Passage 8, what three-word phrase appears immediately before the name “Liu Yu” in the sentence about yielding the throne on 5 July 420?",3395,under pressure from
706,3396,"In Passage 8, what word begins the sentence clause that precedes “Sima Dezong's severe developmental disability”?",3396,Despite
707,3397,What is Emigrant Pass's stated peak elevation (in feet)?,3397,"6,125 feet"
707,3398,Who is named as the director of the 1942 American Western film Riding the Wind?,3398,Edward Killy
707,3399,On what channel did Coney Island Baby make its premiere television broadcast?,3399,Sundance Channel
707,3400,Which 2006 biographical novel is the 2009 Japanese comedy-crime film stated to be based on?,3400,Kekkon Sagishi Kuhio Taisa
707,3401,What did Emigrant Pass originally carry over the Emigrant Hills of northern Eureka County?,3401,the California Trail
708,3402,In what year was the PRFC established?,3402,1942
708,3403,How many commercial passenger boardings are stated for Twin Hills Airport in calendar year 2008?,3403,395
708,3404,Which identifier is stated as assigned by the FAA for Twin Hills Airport (despite the usual three-letter practice)?,3404,A63
708,3405,"According to the text, the Puerto Rico Fire Services was called that in 1953 because of what?",3405,the new formed Commonwealth of Puerto Rico
708,3406,Which gate is stated as used for departures in the passenger terminal description?,3406,Gate 15
709,3407,What is the size given for the development split?,3407,"1,014"
709,3408,Which languages are stated as the only ones used for the experiments?,3408,German and French
709,3409,"In the restriction sentence, what two-word phrase appears after the word ""have""?",3409,in-house expertise
709,3410,What toolkit is named for tagging the entire source sentences?,3410,spacy
709,3411,"In the note comparing three degradation strategies, which label is stated to have replacements that depend on the target language?",3411,AMB
710,3412,How many chromosomes does Lathyrus aphaca have?,3412,14
710,3413,What number is given for species in the genus Dichroa?,3413,12
710,3414,What numeric range is given for the height of the annual climbing plant described in the Sweet pea passage?,3414,1–2 metres
710,3415,"In the sentence beginning ""Because of this,"" what should sweet peas be planted away from?",3415,fruit trees
710,3416,"Fill the blank from the text: ""and if eaten ___ can cause lathyrism"".",3416,in large quantities
711,3417,What yard figure is given in parentheses for the mile run?,3417,"1,760 yards"
711,3418,On what date was the barrier first achieved at Oxford University's Iffley Road Track?,3418,6 May 1954
711,3419,"Whose name appears after ""Morocco's"" as the current holder of the mile record?",3419,Hicham El Guerrouj
711,3420,Which organization is named as still not having recognised a sub-4-minute-mile performance as a record in the M40 division?,3420,World Masters Athletics
711,3421,"According to the passage, who has not yet run a four-minute mile?",3421,No woman
712,3422,What birth date is given for Chanelle Scot Calica?,3422,25 December 1983
712,3423,"In the WWF, what was Erik Watts renamed?",3423,Troy
712,3424,Who authorized Nathaniel Gist to form Gist's Additional Continental Regiment?,3424,George Washington
712,3425,"As of March 2022, who is stated to be the last surviving member of The Watts Prophets?",3425,Fr Amde Hamilton
712,3426,"In the final version, who is stated to replace Shystie?",3426,Sue Yen
713,3427,What name is used for SR 123 on the segment described as running from Tysons to the George Washington Memorial Parkway?,3427,Dolley Madison Boulevard
713,3428,What population number is stated for Greater Glasgow at the time of the 2001 UK Census?,3428,"1,199,629"
713,3429,Which temperature value is stated as the constant assumption for oxygen in the upper atmosphere at the signal frequency?,3429,255 K
713,3430,"In the stated comparison with water vapor, what does oxygen have (as written) that leads to the separate-layers assumption?",3430,a much greater scale height than water vapor
713,3431,Antenna tippings are stated to occur more frequently under what condition?,3431,weather is changing
714,3432,"In diamond turning, what is on the cutting tool?",3432,a diamond tip
714,3433,What abbreviation is shown in parentheses after “foreign direct investment”?,3433,FDI
714,3434,Which person is identified as the president of the European Parliament?,3434,David Sassoli
714,3435,Pegging your currency can often lead to lots of what?,3435,foreign direct investment
714,3436,Which word introduces the exception to the statement about 1 U.S. dollar being worth about 8 Hong Kong dollars?,3436,unless
715,3437,What date is given for Pauline Auzou’s birth?,3437,24 March 1775
715,3438,Which publisher in Paris is named for the book Têtes d'études?,3438,Didot
715,3439,How long was Vernon Richards sentenced to in prison on 26 April 1945?,3439,nine months
715,3440,Editing the paper Italia Libera/Free Italy had what stated outcome in 1935?,3440,Richards' deportation from France in 1935
715,3441,What legal limitation is stated for not pursuing the same charges against Berneri?,3441,a wife could not be prosecuted for conspiring with her husband
716,3442,What is the stated total number of datasets used?,3442,three datasets
716,3443,How many of Shakespeare’s plays are included in the line-by-line modern paraphrases collection?,3443,16
716,3444,What average target BLEU score is reported for the seq2seq model with global attention on the style transfer dataset?,3444,29.65
716,3445,"In the actor-critic architecture, how many CNNs are used for feature extraction?",3445,3 parallel CNNs
716,3446,"During inference, the next word is computed using attention matrices when the decoder output at the current time step is what token?",3446,UNK token
717,3447,"From February 2014 through August 2016, what was the average time stated for EOIR to hire an immigration judge?",3447,647 days
717,3448,What minimum share of NTA dates was stated as unreliable?,3448,at least 16 percent
717,3449,What phone number is provided for contacting Rebecca Gambler?,3449,(202) 512-8777
717,3450,"In an example about removing quasi-judicial functions from DOJ, DOJ is also responsible for representing the government in appeals to which courts?",3450,the U.S. Circuit Courts of Appeals
717,3451,What must be shown for an immigration judge to continue a case?,3451,good cause shown
718,3452,"What call sign was WVNH originally assigned on November 15, 1991?",3452,WQFB
718,3453,"Since when has KKBN (93.5 FM) ""The Cabin"" been broadcasting a country music format?",3453,March 2000
718,3454,"In the Lakes Region of New Hampshire, what city is stated to be the largest municipality?",3454,Laconia
718,3455,Piola station grants direct access to which institution?,3455,Politecnico di Milano
718,3456,Piola station does not have a direct access to what?,3456,the square
719,3457,"What figure appears immediately after the label ""INGRAHAM:"" in the brief exchange about the money spent?",3457,$9 million
719,3458,"Which outlet is named in the line where Tillerson is described as ""telling"" someone recently?",3458,Bloomberg
719,3459,"In the statement describing Broadcom, what two-word label is used to classify the company group it belongs to?",3459,Fortune 100
719,3460,"In the sentence where ""Many of those people voted for me"" is followed by ""because of"", what single word comes next?",3460,trade
719,3461,"In the line that includes the clause ""if we get this through"", what two-word phrase describes what the economy will do?",3461,take off
720,3462,What was Padovano's annual salary when he was hired as first organist at St. Mark's in Venice?,3462,40 ducats
720,3463,How many chimneys does the “Big House” boast?,3463,14 chimneys
720,3464,What two-word term is inside the quotation marks in the phrase describing what these systems are known as?,3464,invention registration
720,3465,Resolution of superior vena cava syndrome is directly related to the treatment of what?,3465,underlying compression
720,3466,"According to the 'otherwise' clause, what will happen if Andy does not take the special medication developed by SHADE?",3466,involuntarily explode
721,3467,What amount is stated as the advance for The Glass Books of the Dream Eaters?,3467,"$2,000,000"
721,3468,Which album is identified as Eddie Vedder's third solo album released in 2022?,3468,Earthling
721,3469,Where was Sir Nigel Barnard Hawthorne born (city and county)?,3469,"Coventry, Warwickshire"
721,3470,"In the category description, what award is listed together with the Lifetime Achievement Tony Award?",3470,Special Tony Award
721,3471,"According to the library sentence, the public access is available on which days?",3471,weekdays
722,3472,What duration is stated for the operation to repair damage to the chest and abdomen?,3472,two-hour
722,3473,How many companies are included on the list (in the same sentence mentioning seven new individuals)?,3473,17
722,3474,Ambassadors from how many EU member states are stated to be meeting in Brussels?,3474,28
722,3475,"In the White House statement, what ban is named alongside an asset freeze?",3475,a US visa ban
722,3476,What reason is given for freeing one member of the group described as a Swede?,3476,medical reasons
723,3477,Which abbreviation appears in parentheses immediately after the enzyme name Methylenetetrahydrofolatereductase?,3477,MTHFR
723,3478,"What two-word phrase follows the words ""short for"" when describing MINCON arguments?",3478,minimal consistent
723,3479,Which gene is stated to encode the rate-limiting enzyme in the methyl cycle?,3479,the MTHFR gene
723,3480,"Methylenetetrahydrofolate reductase catalyzes the conversion of 5,10-methylenetetrahydrofolate to what product?",3480,5-methyltetrahydrofolate
723,3481,"In the clause beginning with ""if"", what is described as inconsistent?",3481,the set of assumptions
724,3482,"In the IMDb dataset description, what average document length is given?",3482,231 words
724,3483,What speedup is reported for IMDb train time per epoch versus the optimized cuDNN LSTM?,3483,3.2x
724,3484,"In the character-level translation setup, what is the size of the unified vocabulary (Unicode code points)?",3484,187
724,3485,Which approach is stated as not applicable because QRNNs lack recurrent weights?,3485,variational inference approach
724,3486,"When the filter width equals 2, the equations reduce to what kind of form?",3486,LSTM-like
725,3487,Pat gives a one-word reply naming the sender; what is that reply?,3487,Anthony
725,3488,What time is stated for the start of the meeting mentioned for the next day?,3488,9am
725,3489,Which numeric string is provided after the confirmation from Mike?,3489,563-893-692
725,3490,"In Jess’s response, what limit is placed on the waiting time?",3490,no more than 5
725,3491,What phrase is explicitly given as the cause of the one-hour delay?,3491,technical hitches
726,3492,What is the name of the foreign ministry spokesman mentioned in Passage 1?,3492,Geng Shuang
726,3493,On what date did Washington impose additional 25 percent tariffs on $34 billion of Chinese goods in Passage 1?,3493,July 6
726,3494,"In Passage 1, the report refers to an additional amount of Chinese imports valued at how much?",3494,$200 billion
726,3495,"In Passage 1, the 25 percent tariff proposal is described as being higher than what planned rate?",3495,10 percent
726,3496,"According to Passage 2, the move is not ____.",3496,finalized
727,3497,What time is it when Jacob glances at his watch?,3497,3:30 A.M.
727,3498,How much does the ticket seller say it will cost?,3498,$119.75
727,3499,"In the chiropractic office, what is Louis's weight?",3499,280 pounds
727,3500,"According to the receptionist, how are doctors seen?",3500,by appointment only
727,3501,"During Jacob's fever, at what value does Jezzie say the thermometer's numbers stop?",3501,107
728,3502,"For National Old Trails Road, what year is given for when it was established?",3502,1912
728,3503,What mileage length is stated for the National Old Trails Road?,3503,"3,096 miles"
728,3504,What date is given for when the William Penn Highway Association of Pennsylvania was organized?,3504,"March 27, 1916"
728,3505,What is stated as the reason the Spirit of Freedom Tour never commenced?,3505,withdrawal of sponsorship funding
728,3506,"In the parenthetical note about alignments, what section is identified as the main exception?",3506,between Barstow and Victorville
729,3507,"What date appears at the start of the assignment line that mentions ROVI GUIDES, INC.?",3507,2015-05-14
729,3508,"On the record line that contains the company name ROVI GUIDES, INC., what company is listed after the label ""Assignors:""?",3508,"TV GUIDE, INC."
729,3509,"In the description of display 100, what label is used for what indicates entity 104 is currently speaking?",3509,event 106
729,3510,"Which quoted term is defined using the phrase ""refers to any information related to or associated with an event in a media asset""?",3510,“supplemental information”
729,3511,"When a portion is described as ending after the identified point, what duration is stated for that ending?",3511,ten seconds
730,3512,Which organization was contracted to haul the services?,3512,National Rail
730,3513,What duration is given for the journey time?,3513,10 hours 30 minutes
730,3514,What fraction is stated as the value for the “diatonic semitone”?,3514,16/15
730,3515,Under what circumstances did BL and 93 class locomotives haul the service?,3515,On occasions
730,3516,"How long did it take to finish the track ""Dhuan Dhuan"" in London?",3516,four hours
731,3517,"Rhino Foods Incorporated is described as ""founded in"" which year?",3517,1981
731,3518,"In the Income Advance Program, the same day loan is described as ""up to a"" what amount?",3518,$1000
731,3519,"After the words ""in the employee's name"", what clause appears?",3519,unless the employee cancels it
731,3520,Bruster's products are made fresh in order to avoid what?,3520,ice crystal formation
731,3521,What percentage is stated as the butterfat content for Chocolate Shoppe Ice Cream?,3521,14%
732,3522,"What value appears inside parentheses after the phrase ""1 mile""?",3522,"1,609 metres"
732,3523,Which bookmaker is named as the race sponsor starting in 2015?,3523,Betway
732,3524,What film is listed under Oliver Stone as the Oscar win?,3524,Midnight Express
732,3525,"For betting purposes, the two races form what?",3525,Spring Double
732,3526,The race is open to horses aged what or older?,3526,four years
733,3527,What date appears inside the parentheses after the words “Jonathan Leach (born”?,3527,"April 18, 1973"
733,3528,Where did the text say the ATP Challenger Tour doubles title came?,3528,"Weiden, Germany"
733,3529,"In the Lapidoth entry, what single word is shown in quotation marks in the Hebrew parenthetical?",3529,torches
733,3530,"For the Sydney Theatre Company, the text gives a year range for their joint artistic director roles; what is that range?",3530,2008 until 2012
733,3531,The text identifies a single location and year for the singles appearance; what location-and-year phrase is given?,3531,Indian Wells in 1994
734,3532,Which date is given for the unanimous vote to hire the law firm?,3532,August 19th
734,3533,What dollar amount is stated for what several City employees are paid per month?,3533,"$12,000"
734,3534,"In the parenthetical equation, what quantity is shown on the left side of the equals sign?",3534,748 gal
734,3535,"For jurisdictions within an MPO, how long is the stated revision cycle?",3535,eight years
734,3536,"According to the text, the due dates may be extended to enable access to more recent critical what?",3536,population or housing data
735,3537,What numeric measurement is quoted in the standard set by the EPA in 1978 for lead?,3537,1.5 µg/m3
735,3538,How many attendees are stated for the record-setting match at Bangalore Football Stadium?,3538,"8,347"
735,3539,What vote share is Tomás stated as receiving in the unusually spirited contest?,3539,76.4 percent
735,3540,"After the press-conference incident, what action is stated as happening to Zahovič?",3540,suspended
735,3541,"In the 1985 description of dead man gates, what is stated about the green indicator?",3541,didn't light
736,3542,What G-value is reported for the track run?,3542,2.4 Gs
736,3543,What dollar amount is stated as the fundraising target for rLoop’s IndieGoGo campaign?,3543,"$66,000"
736,3544,What four-word cost estimate is given for the tube system linking the two cities?,3544,north of $6 billion
736,3545,What is done to the thrust force in order to slow the pod?,3545,simply reversed
736,3546,"If any type of what occurs, the pods would keep levitating?",3546,power failure
737,3547,What birth date is given in parentheses for Saad Abdulrahman Ali?,3547,2 May 1985
737,3548,What exact year range is stated for when John William Joseph McMahon played in England?,3548,1947 to 1957
737,3549,"In the parenthetical phrase after Saad Bin Tefla AlAjmi’s name, what is the first alternative name listed?",3549,Saad Bin Tiflah
737,3550,Until which month and year did McMahon not miss a single Championship game?,3550,August 1957
737,3551,"In the account of Lobban’s debut match, who is named as his maiden victim?",3551,Ken Suttle
738,3552,What is the dimensionality stated for the word vectors used (Word2Vec/GloVe/FastText)?,3552,300 dimensions
738,3553,How many words are stated for the pre-lemmatized corpus?,3553,14 million words
738,3554,What percentage is given for the training set in the dataset split?,3554,64%
738,3555,"According to the text, what helps achieve better performance compared to a frozen one?",3555,fine-tuning word embedding
738,3556,"In the early stopping technique described, after how many epochs without a validation-loss decrease was training stopped?",3556,10 epochs
739,3557,The ALRA described a minor fire as costing less than what amount?,3557,$100
739,3558,"In the gameplay description, which two resources are named?",3558,gold and mana
739,3559,Diamond suggested wrapping cash in aluminum foil to avoid what?,3559,scrutiny from postal inspectors
739,3560,"In the described case of a woman after childbirth, what took precedence?",3560,burnt-offering
739,3561,What is the first date shown in parentheses after James Fraser Mustard’s name?,3561,"October 16, 1927"
740,3562,"In Passage 1, what number is given for how many candidates the field previously had?",3562,17
740,3563,What number is stated for how many candidates remain in competition for the Republican presidential nomination?,3563,15
740,3564,"In Passage 3, what duration is given for the campaign?",3564,71 days
740,3565,"In Passage 1, what date is named after the word ""until"" regarding when the reports become public?",3565,October 15
740,3566,"In Passage 2, under what arrangement did the source speak when discussing private conversations?",3566,condition of anonymity
741,3567,What was the score in the Michigan win over NC State?,3567,66–59
741,3568,On what date was Terraplane disbanded?,3568,1 January 1989
741,3569,"In the Berkeley example, parking is forbidden for how many consecutive hours or more?",3569,seventy-two
741,3570,A series is cancelled when it fails to make what?,3570,the top five
741,3571,"What is the stated reason a ""season"" comprises 10 screenings?",3571,no December screening
742,3572,"According to Carol, on what date will the bank close the account?",3572,16th Jan
742,3573,What is the stated per-person cost for the yoga session?,3573,5 bucks
742,3574,What postcode does Louise provide for the course?,3574,RM5 6YT
742,3575,"In Penny’s message about needing transport on Saturday, what 4-word substring begins the stated reason?",3575,because i don't have
742,3576,What 4-word substring does Jay use to state what must happen for him to arrive faster?,3576,if you stop texting
743,3577,On what date did Wellesley sail?,3577,24 March
743,3578,What was the rate stated for paying his own schoolmaster?,3578,£5 per year
743,3579,What pH is stated for the mitochondrial matrix?,3579,7.8
743,3580,S3TC's subsequent inclusion in Microsoft's DirectX 6.0 and OpenGL 1.3 led to what?,3580,widespread adoption
743,3581,"Instead of bringing different bars in actual contact, what did he use?",3581,four two-metre iron bars
744,3582,"In the text, what year is given for winning the Central European International Cup?",3582,1953
744,3583,What year is stated for Riggins being inducted into the Pro Football Hall of Fame?,3583,1992
744,3584,What exact string in the text gives the shirt number Aureliano wore at the Olympics tournament?,3584,number# 11
744,3585,"According to the text, what phrase states the intended effect of fielding a below strength, largely out-of-position team in the first match against Hungary?",3585,disguise the team's strengths
744,3586,"When attacking from the wings, what alternative location is explicitly ruled out in the text?",3586,down the middle
745,3587,On what date was the 69th British Academy Film Awards held?,3587,14 February 2016
745,3588,What is the symbol given for the pascal?,3588,Pa
745,3589,Which films are eligible for the categories of The British Short Film and British Short Animation awards?,3589,Only UK films
745,3590,How many flats do the third to seventh floors contain?,3590,78 flats
745,3591,Which country is explicitly mentioned as an example of a country that still uses the Imperial measurement system?,3591,the United States
746,3592,In which year was the Morrill Land-Grant College Act passed?,3592,1862
746,3593,What is the date given for the passing of the Smith-Lever Act?,3593,"May 8, 1914"
746,3594,Who plays a young Wilson Fisk?,3594,Cole Jensen
746,3595,Which item is named as having its damage doubled by the early 2017 balance update?,3595,Aegis Reflectors
746,3596,Skunk loaches may not be suitable for community-style tanks unless part of that community consists of what?,3596,a small school of skunk botia
747,3597,What time is stated after he checks his watch on the subway ride?,3597,3:30 A.M.
747,3598,What is the stated weight of the chiropractor?,3598,280 pounds
747,3599,"At what number does the thermometer scale end, as stated in the dialogue?",3599,107
747,3600,What limitation is stated for seeing the doctors at the reception desk?,3600,appointment only
747,3601,"In the emergency option described by the receptionist, what duration is stated?",3601,about an hour's wait
748,3602,What date is given for the King's Birthday Honours in which he was promoted to field marshal?,3602,8 June 1950
748,3603,What amount is specified for the inpatient charge per visit?,3603,€80
748,3604,How many sites are stated for the distance education state network?,3604,70 sites
748,3605,"According to the passage, what is the only way in orthodox chess for the moved piece in a double check to not give check?",3605,an en passant capture
748,3606,In what circumstances does the passage say it is possible for the moved piece in a double check to not give check?,3606,In exceptional circumstances
749,3607,How many sailors were lost in the four significant mishaps at sea since January 2017?,3607,17 sailors
749,3608,What is the current number of Navy ships stated?,3608,277 ships
749,3609,What reduction percentage is stated relative to the 333 ships it had in 1998?,3609,17 percent
749,3610,"In the definition of a class A mishap, what dollar threshold is mentioned?",3610,$2 million
749,3611,"According to Navy officials, U.S.-based crews are completely qualified and certified prior to deploying from their U.S. homeports, with what caveat?",3611,with few exceptions
750,3612,What is the default value specified for the command-line argument whose destination is input_file?,3612,data.main
750,3613,What value is assigned to the variable phi?,3613,0.4
750,3614,What numeric value is assigned to Torque_Lim?,3614,1.9904
750,3615,"In the path-length check guarding the 'Projected functions not found' print, what number is compared against len(path_to_append)?",3615,21
750,3616,What expression appears on the right-hand side of the assignment to debye_length_delta?,3616,2.0*a*firm_delta/np.log(1.0e1)
751,3617,How many bus routes does OC Transpo operate?,3617,170
751,3618,The last two digits of route numbers correspond to what?,3618,service area
751,3619,What color is mentioned in the NOTE about routes that operate during select time periods or certain days of the week only?,3619,white
751,3620,At what length is the longest transit escalator in Canada stated to be?,3620,35.3 metres
751,3621,In what year did the Transitway open?,3621,1983
752,3622,What date is shown in parentheses after Francisco Bojado’s name?,3622,11 May 1983
752,3623,"In the definition sentence for Pennell Coast, what is the second cape named?",3623,Cape Adare
752,3624,Gibbs Point forms the northwest entrance to which named cove?,3624,Gaul Cove
752,3625,What fraction is stated as the King’s share of the profit?,3625,one-fifth
752,3626,"Under the Sakoku isolationist policy, all trade and contact stopped except for very limited trade by whom?",3626,the Dutch
753,3627,How many people did the Secret Service provide protection for in connection with the 2016 presidential campaign?,3627,12 individuals
753,3628,Approximately what amount did the Secret Service’s travel expenses total for the 12 individuals protected during the 2016 presidential campaign?,3628,$58 million
753,3629,What amount did the text say the Secret Service overpaid the 4 campaign committees at least for special agents’ seats on chartered aircraft?,3629,$3.9 million
753,3630,"Under the actual expense allowance method, what level is the maximum reimbursement limited to?",3630,300 percent
753,3631,"If an invoice is incomplete or inaccurate, it should be returned to the protected individual within what timeframe?",3631,seven days
754,3632,What date is given for when the first Bastar Dialogue was held at Tilda Chhattisgarh?,3632,8th June 2018
754,3633,What buy-in amount is stated for the Big One for One Drop live event?,3633,"$1,000,000"
754,3634,What maximum number is given for how many Canning Hall can accommodate?,3634,sixty-five
754,3635,"According to Tegan, what did the Mongolian blue spot mean?",3635,Cameron isn't the father
754,3636,"In the clause beginning with 'With the exception of', what item is named as the exception?",3636,title track
755,3637,Which version number is given for the CARLA simulator in the implementation setup?,3637,0.9.11
755,3638,Which version number is listed for the Gurobi Optimizer?,3638,9.1.1
755,3639,What value is assigned to the simulation step size?,3639,0.05s
755,3640,"When there is no leading vehicle, what value limits the headway?",3640,50m
755,3641,"In the testing scenario caption, which lane is stated as not utilized in the simulation?",3641,lane 3
756,3642,"What date is given immediately after the words ""Published on"" in Passage 1?",3642,"Feb 13, 2014"
756,3643,"In Passage 1, what time is listed for when the first heat starts on Sunday?",3643,11:15AM EST
756,3644,"In Passage 2, what is the stated number of turns on the track?",3644,17 turns
756,3645,"In Passage 2, the tune is described as designed to sync with what?",3645,the two-man run of Marvin Dixon and Winston Watts
756,3646,"In Passage 3, in the clause ""If you start the song just as the Jamaican bobsled team ..."", what words come next?",3646,begins its run
757,3647,What time does training start tomorrow?,3647,6:30
757,3648,How many questions are there on the algebra final exam?,3648,15
757,3649,"Fill in the destination in: ""leaving for ___ tonight"".",3649,London
757,3650,"Complete the condition: ""pay a bit more since the driver is ___"".",3650,under 25
757,3651,"Finish the phrase: ""I don't feel like swimming if ___"".",3651,its raining
758,3652,In what year did Alexa Internet start donating their crawl data to the Internet Archive?,3652,1996
758,3653,The data are added to the Wayback Machine after what?,3653,an embargo period
758,3654,What month and year are given for the long emotional letter to Patriarch Kirill (church officials say)?,3654,May 2012
758,3655,What date is stated for his death in Passage 2?,3655,23 December
758,3656,"According to the quoted position, weapons must serve to protect what for the Church to support creators and the soldiers who use it?",3656,the Fatherland
759,3657,What case number is given for “Bilski v. Kappos”?,3657,No. 08-964
759,3658,What date is given for the U.S. Patent and Trademark Office item titled “Interim Examination Instructions for Evaluating Subject Matter Eligibility Under 35 U.S.C. § 101”?,3658,"Aug. 24, 2009"
759,3659,What Westlaw citation appears for the item labeled with footnote number 25?,3659,2009 WL 2413623
759,3660,What is described as “a two-branched inquiry”?,3660,machine-or-transformation test
759,3661,"When the incorporated document is not a U.S. patent or published U.S. patent application, the option of importing subject matter into the specification is limited to what kind of subject matter?",3661,non-essential
760,3662,What amount is stated for the cash bond?,3662,"$10,000"
760,3663,What acronym is used for the standardized cognitive test called the Brief Interview for Mental Status?,3663,BIMS
760,3664,What hyphenated bed-count descriptor is given for Concord Care?,3664,66-bed
760,3665,What reason did staffers give for him not being allowed in 12N?,3665,made Donna’s roommate uncomfortable
760,3666,What stated caveat appears after the 2025 projection?,3666,barring medical breakthroughs
761,3667,What is Edwin Neal's birth date?,3667,"July 12, 1945"
761,3668,How many different voices did Edwin Neal set a record doing?,3668,26 different voices
761,3669,For what date is The Monthly Mirror issue identified in the text?,3669,May 1808
761,3670,What is stated as the reason Cormac was allowed to retain his office of Prior of Drumlane?,3670,the small revenues of the diocese
761,3671,"To be eligible to earn the SCWS insignia, what must personnel first be assigned to?",3671,a qualifying unit of the Naval Construction Force (Seabees)
762,3672,"Where is Cardinal Health, Inc. headquartered?",3672,"Dublin, Ohio"
762,3673,What date is given for when the depot was added to the National Register of Historic Places?,3673,"August 7, 1989"
762,3674,How many main spans does the Kansas City Southern Bridge have?,3674,two
762,3675,In what month and year was R. Kerry Clark appointed president and CEO?,3675,April 2006
762,3676,As of which year did Panarail Tourism offer passenger service?,3676,2009
763,3677,"What location is stated after the words ""in"" in the sentence describing where Hugh H. Goodwin was born?",3677,"Monroe, Louisiana"
763,3678,What date is given for the enlistment in the United States Navy?,3678,"May 7, 1917"
763,3679,Which single word appears inside quotation marks as the nickname earned at the academy?,3679,Huge
763,3680,What is the stated date associated with the temporary rank of Commander?,3680,"January 1, 1942"
763,3681,What purpose did Goodwin give for leaving school without receiving the diploma?,3681,to see some combat
764,3682,What public law number (P.L.) is given for the Juvenile Justice and Delinquency Prevention Act in the sentence about enacting the Runaway Youth Act of 1974?,3682,P.L. 93-415
764,3683,What dollar amount is stated for the appropriations authorization for the street-based outreach program?,3683,$25 million
764,3684,"In the 2018 point-in-time count, what number is given for identified unaccompanied youth under age 25?",3684,"36,361"
764,3685,"In the funding split described as ""Of this amount,"" what percentage is reserved for the Basic Center Program (BCP)?",3685,45%
764,3686,"In the Transitional Living Program (TLP) section, what term is used for the circumstances under which youth ages 16 through 22 may remain for 635 days?",3686,exceptional circumstances
765,3687,What is the name of the huge square pile described as rising high above the rest?,3687,Melchior Tower
765,3688,How many armed men are stated to have been clattering behind Baron Conrad as he rode away to court?,3688,nearly a hundred
765,3689,"After the castle was stripped of its fighting men, how many remained behind to guard it?",3689,only eight
765,3690,"In the description of merchant caravans, what is the lord of Drachenhausen explicitly called?",3690,robber baron
765,3691,What are the first two words of the motto the Emperor Rudolph himself had given?,3691,Manus argentea
766,3692,What time is the Friday appointment set for?,3692,1pm
766,3693,What percentage did Ali mention for the ruling coalition?,3693,96%
766,3694,Ellen said she hopes it will be ready by when?,3694,by Christmas
766,3695,"Amy said the land was given to whom, hence the name?",3695,the Duke of York
766,3696,Which activity did Harriet specify as her workout?,3696,Little biking only
767,3697,"In the line where Gwen provides her home identifier, what code appears?",3697,K-710
767,3698,What time is mentioned for the Plaza booking stated by Rob?,3698,8pm
767,3699,Which percentage does Ashley state for Barca's dominance?,3699,60%
767,3700,Glen says he created the group so that they can do what?,3700,discuss our presentation
767,3701,What amount is offered by Ashley under a correct-guess condition?,3701,10 bucks
768,3702,"In the Awards and memberships section for Hobson, what year is given after the phrase indicating he was named an IEEE Fellow?",3702,1948
768,3703,"In the Awards and honors list, what exact dollar amount is stated as the prize that Rogers donated to the Foundation for Landscape Studies?",3703,"$80,000"
768,3704,"In the Central Park section, what hyphenated acreage value is used to describe the public space?",3704,843-acre
768,3705,"For Jesse Edward Hobson, what exact year range follows the phrase stating he was director of SRI International?",3705,1947 to 1955
768,3706,"In Fairstein's quoted statement, what phrase completes the condition after “until” in the sentence beginning “Nobody under sixteen was talked to”?",3706,a parent or guardian arrived
769,3707,What time interval is stated for how often bus 290 goes?,3707,40min
769,3708,What is the dollar amount mentioned for the lowest-priced ticket?,3708,20$
769,3709,Which place is named as the location for the meeting?,3709,Sheraton Lodge
769,3710,Ticket cost is said to depend on what?,3710,the seats
769,3711,What condition does Lidia set for going with him to the wedding?,3711,He must ask me himself.
770,3712,What mileage value is given for how far the highway runs for New Hampshire Route 32?,3712,14.139 miles
770,3713,Which ZIP code is shown in parentheses for West Chesterfield?,3713,03466
770,3714,What year is stated for when the Jaffrey Center Historic District was listed on the National Register of Historic Places?,3714,1975
770,3715,"Besides New Hampshire Route 10, which route is also named as the downtown endpoint for NH 78?",3715,New Hampshire Route 119
770,3716,"According to the text, how many major intersections are there between NH 78's endpoints?",3716,There are no major intersections
771,3717,What day-and-month is stated for when the Battle of Puebla took place?,3717,5 May
771,3718,What date range is given for when the Battle of Palembang occurred near Palembang on Sumatra?,3718,13–15 February
771,3719,Where does the text say Beneke was born?,3719,"Fort Worth, Texas"
771,3720,Why was the rue d'Austerlitz originally named rue des Fossés?,3720,because it ran along the ditches dug at the base of the old wall.
771,3721,Which fort is identified as the only one with guns that had enough range to reach the American fleet?,3721,Fort San Antonio Abad
772,3722,What bank-account balance did he check at the casino ATM?,3722,"$13,400"
772,3723,What was the name of the slot machine in the high-limit area?,3723,Triple Stars
772,3724,In what year did Alexa Internet start donating their crawl data to the Internet Archive?,3724,1996
772,3725,After what period are the data added to the Wayback Machine?,3725,an embargo period
772,3726,What term does the industry refer to in quotes for the trancelike state?,3726,continuous gaming productivity
773,3727,What action does Amy say company policy says they can't do to him?,3727,fire him
773,3728,What temperature range does Lorenzo give?,3728,16-19 degrees
773,3729,How much money does Josephine state as the price she paid?,3729,100$
773,3730,At what time does Peter suggest meeting in the lobby?,3730,8.30
773,3731,"By what time must Sophie be back home tomorrow, according to Carlotta?",3731,10am
774,3732,Since what month and year has the SBA's Surety Bond Guarantee Program been operational?,3732,April 1971
774,3733,"In FY2018, how many bid and final surety bonds did the SBA guarantee?",3733,"10,800"
774,3734,"If a federal contracting officer certifies that a guarantee is necessary, what is the higher contract amount stated?",3734,$10 million
774,3735,"For the up-to-90% guarantee, what contract-size threshold is explicitly stated?",3735,"$100,000 or less"
774,3736,The PSB participation prohibition does not apply to which group?,3736,the surety's affiliates
775,3737,Who is the 1973 Italian giallo-poliziottesco film directed by?,3737,Romolo Guerrieri
775,3738,What total did The Police Serve the Citizens? gross in Italy?,3738,₤1.033 billion
775,3739,A bag-in-box is a container for the storage and transportation of what?,3739,liquids
775,3740,Who invented the first commercial BiB system?,3740,William R. Scholle
775,3741,The one-way valve opens only under what from the attached connector?,3741,pressure
776,3742,Which number did Rolling Stone rank Glenn Danzig at on its list of the 200 Greatest Singers of All Time?,3742,199
776,3743,"How many copies did the first pressing of ""Bullet"" consist of?",3743,"1,000"
776,3744,In what year was Domarto listed as a singer at the Church of Our Lady in Antwerp?,3744,1449
776,3745,"What never took place, despite a planned distribution deal with Ork Records?",3745,distribution through Ork
777,3746,What percentage did the NTIA 2017 survey finding report for Americans ages 3 and older who used the Internet?,3746,78 percent
777,3747,What percentage did the 2018 Pew Research Center survey find for American adults who reported using some kind of social media platform?,3747,69 percent
777,3748,"What is the stated maximum civil-penalty amount per violation, per day, for violating a trade regulation rule under the FTC Act?",3748,"$41,484"
777,3749,Which specific APA section is named as the rulemaking process COPPA directed FTC to use for promulgating its regulations?,3749,APA section 553
777,3750,What category of entities is FTC prohibited from taking action against under certain circumstances?,3750,common carriers
778,3751,What six-digit number is given after the words “The reference number is”?,3751,889905
778,3752,"In the Secret Santa chat, what dollar cap is stated?",3752,15 $
778,3753,"In Alex’s seating details, which row is mentioned?",3753,Row 7
778,3754,Nick says they can’t get in because Steve did what to the key in the laundry room?,3754,locked our key in the laundry room
778,3755,Denise gives a calling window; call her at what time or later?,3755,8 or later
779,3756,What figure is stated as the neighborhood amount of the hefty sum?,3756,$3 mil
779,3757,What is Kazakhstan's currency?,3757,Tenge
779,3758,What ordinal number is Kazakhstan ranked in its corruption index?,3758,122nd
779,3759,"Which two-word phrase follows ""due to"" in the sentence about Sting backing out of a paid gig?",3759,alleged mistreatment
779,3760,What single word is used to describe the status of how much money was given?,3760,unclear
780,3761,Which setting does Lois tell Homer to put his phone in?,3761,airplane mode
780,3762,What time does Erin suggest for the swim?,3762,3pm?
780,3763,What is the puppy’s name in Kai and Anna’s chat?,3763,Pepper!
780,3764,Homer asks Lois to let him sleep until what?,3764,I wake up
780,3765,Where does Dolores say the lasagna is kept?,3765,in the fridge
781,3766,What temperature (in degrees) does Racheal say it is?,3766,-12 degrees
781,3767,"In Tom’s address, what location name appears after the comma?",3767,Salt Lake City
781,3768,To what time has tomorrow’s meeting been moved up?,3768,1pm
781,3769,From what point is the additional 10 days counted?,3769,the deadline
781,3770,"During this time, what is said to be strictly forbidden?",3770,alcohol
782,3771,In which month and year did Alan Blyth review the album on LP in Gramophone?,3771,October 1978
782,3772,What is the name of Clark's general manager mentioned as chief among the heads of departments?,3772,William Menelaus
782,3773,How many spines are stated for the first dorsal fin of the Atlantic threadfin?,3773,8 spines
782,3774,"According to the text, what was lessened as a result of using Thomas's recitatives rather than the libretto's original dialogue?",3774,the impact of the opera's mélodrames
782,3775,What does the text state as the reason Lee couldn't play for the Puerto Rico national team?,3775,lost his amateur status
783,3776,What time does Anny say DJ Orkia should show up?,3776,8 pm
783,3777,What fault label is shown when Fiona switches the washing machine on?,3777,F8
783,3778,What number does Steve give for Craig's age?,3778,48
783,3779,What warranty form does John name for the repairs?,3779,return to base warranty
783,3780,How far ahead does Darren ask to be notified?,3780,an hour before
784,3781,"In calendar year 2014, what share of all issued patents did the text state for patents related to business methods?",3781,more than 28 percent
784,3782,What number is given for the majority of examiners who reported having somewhat or much less time than needed to complete an examination?,3782,67 percent
784,3783,What is the stated length of the opportunity following issuance described for post-grant review?,3783,9-month
784,3784,What time limit is stated for issuing the final written decision after the institution decision?,3784,1 year
784,3785,"Under the CBM program, what must be true of a party for it to be allowed to petition?",3785,It must be sued or charged in an infringement suit.
785,3786,Which named operation involved introducing fake bills of the new currency?,3786,Operation Persil
785,3787,What was the cattle herd size in 2006?,3787,"14,000 head"
785,3788,From what year to what year was the Queen's Own Royal West Kent Regiment in existence (as stated)?,3788,1881 to 1961
785,3789,"In the referendum description, what did a ""no"" vote mean?",3789,immediate independence
785,3790,What two-word clause states the exception to the four-year tenure limit?,3790,unless reappointed
786,3791,What numeric value is stated for the hidden state size of the biLSTMs?,3791,200
786,3792,"In the described bootstrap sampling, what is the stated iteration count?",3792,500 iterations
786,3793,What is the stated total number for the pairwise comparisons?,3793,8800
786,3794,What is the stated reason for excluding the content ordering metric?,3794,our extraction system does not align records to the input text
786,3795,"Under what condition can the records be truncated to (attribute, value) pairs?",3795,When all the records are about the same entity
787,3796,Which country does Joe name in his reply to Jennifer?,3796,Spain
787,3797,What is the stated in-house hourly charge given by Kas?,3797,12GBP per hour
787,3798,What deposit amount is stated by Debra?,3798,$500
787,3799,"How many days must someone work to get the bonus, as stated by Agatha?",3799,270 days
787,3800,What sick-leave duration is stated as the non-exceeding limit by Agatha?,3800,21 days
788,3801,About how many kilometres south of Darwin is Rum Jungle described as being?,3801,about 105 kilometres south of Darwin
788,3802,Réard's string bikini was made from only how much fabric?,3802,30 sqin
788,3803,What circulation number is given for November 2013?,3803,"158,059"
788,3804,Territory Enterprises Pty Limited is stated to be a subsidiary of what?,3804,the Rio Tinto Group
788,3805,A two-piece suit wasn't a genuine bikini unless it could be pulled through what?,3805,a wedding ring
789,3806,What is the page count phrase used for the letter to the HHS?,3806,88 page
789,3807,What exact time span is stated for compiling the letter?,3807,virtually a year
789,3808,"In the sentence about disease outcome, what is the exact phrase indicating two-factor dependence?",3808,depends both on
789,3809,"According to the parenthetical remark, pertussis is very rarely dangerous usually only to whom?",3809,newborns under three months old
789,3810,Which company is named as paying for the publication?,3810,Merck
790,3811,In what year was Creative Assembly founded?,3811,1987
790,3812,By how much is the International version shorter?,3812,10 minutes
790,3813,Chaosium discontinued the game in 1997 after what?,3813,poor sales
790,3814,Hirsau is not to be confused with Hirsau in which place?,3814,Baden-Württemberg
790,3815,He was booked as a Mini-Estrella to obscure the fact that he was what age when he began wrestling?,3815,only 11
791,3816,What time is given for when the gold pocket watch ceased running?,3816,8:23
791,3817,What fraction is stated for the model’s length relative to the 40-foot-long submarine?,3817,one-sixth
791,3818,How many pounds did the torpedo weigh that was used to sink the enemy ship?,3818,135 pounds
791,3819,What term is used for the rupturing of blood vessels in the lungs?,3819,pulmonary hemorrhage
791,3820,"In the statement about spar attachment, which two-word phrase indicates a single charge did not follow the rule?",3820,except one
792,3821,In which year was Tennis New Zealand founded?,3821,1886
792,3822,What was the stated cap for the lineup in the 2009 Eurocup Formula Renault 2.0 season?,3822,38 entries
792,3823,What start date is given for when the 1995 EA Generali Open was held?,3823,31 July
792,3824,"According to the text, what do the current ATP rules do to such a motion?",3824,prohibit
792,3825,What age threshold is stated for Seniors Tennis NZ players?,3825,35 years
793,3826,Which person is named in parentheses after “The Chair”?,3826,Hon. Anthony Rota
793,3827,What numbered meeting is welcomed?,3827,12th meeting
793,3828,What petition number does Ms. Elizabeth May say she is presenting?,3828,431-00215
793,3829,The petitions segment is limited to what time span?,3829,15 minutes
793,3830,Proceedings will be suspended how often to allow employees to substitute safely?,3830,45minutes
794,3831,What year is given after the line stating the edition was first published?,3831,1915
794,3832,What two-word phrase begins the address line immediately before “JOHN STREET ADELPHI”?,3832,NUMBER FIVE
794,3833,What three-word amount is stated for the sum of money associated with the Fund?,3833,thirteen thousand pounds
794,3834,"According to the text, what was the sum of money to be called?",3834,The Coxon Fund
794,3835,What three-word phrase says there was no exception to the rule he had just enunciated?,3835,absolutely no exception
795,3836,"In the Boritzer passage, the book ""What is God?"" was first published in what year?",3836,1989
795,3837,In which year did Thompson join Bradford Park Avenue from Barry Town?,3837,1934
795,3838,"On what date was the film released, according to the Nallavan Vazhvan passage?",3838,31 August 1961
795,3839,"The screenplay was written by C. N. Annadurai, from a story by whom?",3839,Na. Pandurangan
795,3840,Theodred's death was sometime between which years?,3840,995 and 997
796,3841,Election administration attracted significant attention in what year?,3841,2000
796,3842,How many main parts does the typical federal election process have?,3842,three
796,3843,How much did HAVA authorize for three main types of formula-based payments to states?,3843,$3.65 billion
796,3844,The Help America Vote Act of 2002 requires states to establish what kind of standard?,3844,a uniform standard of what counts as a vote
796,3845,All states but which one have also contributed to establishing and maintaining the statewide voter registration lists required by HAVA?,3845,North Dakota
797,3846,"Which name appears immediately after the line ""Translated by""?",3846,Katharine Prescott Wormeley
797,3847,"In the dedication line, what word follows ""To The Lieutenant-Colonel of Artillery,""?",3847,Periollas
797,3848,"What is the numeric label shown directly before ""Grassou de Fougeres (Pierre)"" in the catalogue excerpt?",3848,510.
797,3849,"In the quoted sentence giving a reason for employing him, what amount is stated as being laid by each year?",3849,twenty thousand francs
797,3850,"According to the statement beginning ""Without selection by the Academy"", what does it say there will be no?",3850,Salon
798,3851,What numeric amount is mentioned about the relationship that was lost?,3851,2.5 million
798,3852,Which weekday is given for when the fresh feed was delivered by helicopter?,3852,Wednesday
798,3853,What duration does Adam say he is going away for?,3853,3 months
798,3854,What date-number is stated for the regular blog post deadline?,3854,the 10th
798,3855,"According to the commercial, fees are not taken until what happens?",3855,you get paid
799,3856,What date is given for the release of the album mentioned as the fourth studio album by Rihanna?,3856,"November 23, 2009"
799,3857,"What amount is stated for the prize that the favourites could ""walk away with""?",3857,"£20,000"
799,3858,What was the value of the recording contract offered on the show named New Faces?,3858,"$146,000"
799,3859,What work to rest ratio is stated for circuit times?,3859,2:1
799,3860,"In the provided example about replicating competition rounds, what duration is given for a round?",3860,3 minutes
800,3861,Which years are stated for when the Plymouth Barracuda was manufactured by Chrysler Corporation?,3861,1964 through 1974
800,3862,What is named as the exception to what the fastback design shared with the Plymouth Valiant?,3862,wraparound rear glass
800,3863,Which option code is given for the front-only elastomeric (rubber) colored bumpers?,3863,A21
800,3864,What year is stated for when Ghioldi Mechanical Workshops was founded?,3864,1898
800,3865,What date is stated for the release of the album Demons via Fearless Records?,3865,"October 30, 2015"
801,3866,Huntington Stadium was completed in which month and year?,3866,October 1989
801,3867,What month and year did York Community Stadium open?,3867,December 2020
801,3868,On what date did the 2014–15 Oman Professional League season begin?,3868,11 September 2014
801,3869,"In the Oman Professional League, how many foreign players are allowed per team?",3869,four per team
801,3870,Pickoffs and step-offs which reset the pitch clock are only allowed what total per plate appearance?,3870,two times
802,3871,What year is given for Nissan offering EAL as an option on the Nissan President?,3871,1971
802,3872,What year is given for Hüffelsheim's first documentary mention?,3872,766
802,3873,In what year was the debut cookbook inducted into the James Beard Foundation’s Cookbook Hall of Fame?,3873,2006
802,3874,"According to the text, why could Hans Hoeller's anti-tank troop not pass through Benouville?",3874,too heavy resistance from British parachutists
802,3875,Which person is named as having settled in Dapto?,3875,Joseph Marceau
803,3876,In what year was the Epagneul Picard Club established?,3876,1921
803,3877,What average lifespan is stated for the Picardy Spaniel?,3877,14 years
803,3878,Detection dogs are used in what named brigade of the U.S. Department of Agriculture?,3878,Beagle Brigade
803,3879,What date is given for the merger with the Club of Blue Picardy Spaniel?,3879,28 July 1937
803,3880,Which kennel club is explicitly stated as not recognising the Picardy Spaniel?,3880,Canadian Kennel Club
804,3881,How many medical article abstracts does the training set comprise?,3881,"4,741"
804,3882,How many abstracts are in the test set?,3882,191
804,3883,What minimum length criterion caused sentences to be excluded?,3883,fewer than two tokens
804,3884,The re-weighting was stated to be equivalent to what?,3884,down-sampling the difficult sentences
804,3885,What was the stated cost of the re-annotation?,3885,"$3,000"
805,3886,In what season and year did the text say the court hearings began?,3886,spring 2006
805,3887,What date is given for when the new trial started?,3887,29 September 2008
805,3888,What date is stated for the film being finally released in the United States?,3888,"October 21, 1977"
805,3889,What running time is specified as the bare-minimum for a theatrical release?,3889,90 minutes
805,3890,Which particles are stated as the only case that will be considered?,3890,massive particles
806,3891,"What date is given after the word ""born"" for Bernard Bonvoisin?",3891,9 July 1956
806,3892,Whose stage name is Caspar Babypants?,3892,Chris Ballew
806,3893,How many albums in total has Caspar Babypants released?,3893,17
806,3894,Who handles distribution for the albums?,3894,Burnside Distribution
806,3895,From when has Caspar Babypants exclusively performed solo?,3895,since April 2012
807,3896,"During production, what name was the story referred to as before the later rename connected to having more Saxon extras?",3896,The Vikings
807,3897,On what date did the flight echelon fly to Henderson Field on Guadalcanal?,3897,"August 30, 1942"
807,3898,"In January 1863, what rank was Terry promoted to?",3898,lieutenant commander
807,3899,"Under which provision is interference with the right of respect for private life permissible when the text introduces the condition beginning ""in accordance with the law""?",3899,Article 8(2)
807,3900,What restriction is stated about when the Pregnancy variant appears?,3900,only appears in pregnancy
808,3901,What time expression does Terry use for the departure?,3901,tomorrow at 8
808,3902,Which store-and-city phrase does Laszlo name as the purchase place?,3902,Whole Foods in Arlington
808,3903,What date does Gina give when asked about the anniversary?,3903,1 December
808,3904,What four-word sequence starts Adam’s stated reason for sending the messages?,3904,because we want you
808,3905,Felicia asks to be told only if what specific availability statement holds?,3905,Johnson's book is available
809,3906,How many layers is the diffusion network composed of?,3906,four different layers
809,3907,What is the stated maximum value for AUROC?,3907,94%
809,3908,"In the lifetimes list, what comes immediately after “6 hours”?",3908,12 hours
809,3909,Which classifier is described as holding AUROC=0.5?,3909,random baseline classifier
809,3910,What tweet threshold is used when filtering out articles?,3910,less than 50 tweets
810,3911,What date is given for the proclamation of the first town area?,3911,28 June 1976
810,3912,Into which place did Mr Etienne Prop Smith move?,3912,Tuyshuys
810,3913,What reported amount is stated for the sale of Cristiano Ronaldo to Juventus?,3913,€117 million
810,3914,Which cup is stated as the predecessor of the FIFA Club World Cup?,3914,Intercontinental Cup
810,3915,How long is stated before Gomez returned to the English-speaking market?,3915,three years
811,3916,"In the SaGa Frontier description, how many protagonists are available to play as?",3916,seven
811,3917,"On Starfleet uniforms in TNG-era shows, what exact placement is specified for the badges?",3917,left breast
811,3918,What time is given for the switchyard truck incident?,3918,9:20 a.m.
811,3919,EDG 1-A is stated to have failed to start because of what?,3919,a protective safety trip
811,3920,What phrase begins Paragraph 15 and states that the method applies independent of variant?,3920,Regardless of color variant
812,3921,What number is stated for DOD’s Military Entrance Processing Stations throughout the country?,3921,65
812,3922,What duration is specified for delivering the first inductees after draft authorization by the President and the Congress?,3922,193 days
812,3923,What is the case name given for the 1981 Supreme Court case mentioned in the text?,3923,Rostker v. Goldberg
812,3924,"According to the 1997 memorandum of understanding, what time period is stated for augmenting the Selective Service System after a draft is initiated?",3924,72 hours
812,3925,On what date did the Secretary of Defense and the Chairman of the Joint Chiefs of Staff rescind the 1994 rule described?,3925,"January 24, 2013"
813,3926,Ngũgĩ wrote the novel while he was a student at what institution?,3926,Makerere University
813,3927,Which series is the novel stated to be among?,3927,African Writers Series
813,3928,How many sections is the book said to be divided into?,3928,two parts
813,3929,What count is given for Mr. Howlands' children?,3929,three
813,3930,What does Ngotho fear happening regarding his employment?,3930,lose his job
814,3931,What price did Howard give for the speakers?,3931,12 bucks
814,3932,What is the discount code that was shared?,3932,XSHOES25
814,3933,Which phone number did James include?,3933,111 111 222
814,3934,Kimberly says she is closed because she is teaching a weekend of yoga in which place?,3934,Berlin
814,3935,"In Fiona's message, which single word introduces a possible extra item after ""Nah, that's it.""?",3935,Unless
815,3936,What date appears in parentheses after the name Per Martinsen?,3936,31 July 1966
815,3937,UPMC has its roots in the ____ establishment of Presbyterian Hospital.,3937,1893
815,3938,"Roe Highway terminates at this interchange, continuing northwards as what?",3938,Murdoch Drive
815,3939,Op. cit. thus refers the reader to the ____.,3939,bibliography
815,3940,Given names or initials are not needed unless the work cites how many authors with the same surname?,3940,two
816,3941,"What year appears after ""Washington: GPO,"" in the entry for the Senate Manual?",3941,2014
816,3942,"Which edition is specified for the item titled ""Congress A to Z.""?",3942,6 th ed.
816,3943,"What code is shown immediately after the words ""CRS Video"" in the entry about ""An Act of Congress""?",3943,WVB00003
816,3944,"The publication ""Constitution, Jefferson's Manual, and Rules of the House of Representatives"" is often referred to as what?",3944,House Rules and Manual
816,3945,"""Congress: An Introduction to Process and Resources"" is offered only to which group?",3945,"permanent, professional congressional staff"
817,3946,How long did Veronica say it would take?,3946,30 min
817,3947,Where did Peter say the shuttle bus is?,3947,outside the arrivals
817,3948,What time did Mai specify for starting early?,3948,6.30
817,3949,What did Kelly say she would do before responding the next day?,3949,think about it
817,3950,"In Johann's line, what four-word sequence comes after the word ""unless""?",3950,we stop it NOW
818,3951,"In the opening description, the announcement on 5 October 1918 was made with the permission of whom?",3951,the British military
818,3952,What duration is stated for how long Gouding lasted?,3952,approximately 400 years
818,3953,In which year was the Ganzhou Uyghur Kingdom established?,3953,894
818,3954,OETA is described as a joint military administration involving which two nationalities?,3954,British and French
818,3955,"In the 'as long as' clause about not stationing troops in Syria, which government is named as the sole supplier of advisers?",3955,the French government
819,3956,What year is stated for the last U.S. FMD outbreak?,3956,1929
819,3957,For how long can the vaccine concentrate be stored at extremely cold temperatures?,3957,about 5 years
819,3958,How many distinct variations are stated for the FMD virus?,3958,seven
819,3959,Which acronym is identified as the lead agency for responding to outbreaks of foreign animal diseases?,3959,APHIS
819,3960,What exception is stated for working with live FMD virus on the U.S. mainland?,3960,absent a permit granted by the Secretary of Agriculture
820,3961,"Which year is given for the translation as ""The Floating Prison""?",3961,2003
820,3962,What three-word description follows the name of Kaa?,3962,huge old python
820,3963,What age is Mowgli stated to be about?,3963,about 16 years old
820,3964,"Complete the phrase from the text: ""This has resulted in the ____"".",3964,perpetuation of a myth
820,3965,What is stated as preventing the bees from attacking Mowgli?,3965,The garlic
821,3966,What is the stated price of the cooking class?,3966,150
821,3967,"According to the summary, when was Conrad's last time smoking?",3967,2 months ago
821,3968,"In the bag summary, which color is recommended for Mia?",3968,black
821,3969,"In George's sentence, what does he say he has to do if he doesn't want to get fat?",3969,make some sport
821,3970,"In the party summary, what is given as the reason Pam won't come?",3970,out of town
822,3971,What is the publication date shown near the top of the piece?,3971,"September 5, 2010"
822,3972,What dollar amount is stated for what several City employees are being paid per month?,3972,"$12,000"
822,3973,"In the parenthetical showing an equivalence, what quantity is given before “=one unit”?",3973,748 gal
822,3974,Which section number is cited after the phrase “as defined by” for very low incomes?,3974,Section 50105
822,3975,Determinations described in subdivision (f) are exempt from which act?,3975,California Environmental Quality Act
823,3976,In what year was Sarre cemetery discovered?,3976,1843
823,3977,Which institution purchased the artefacts found during construction work at Sarre windmill?,3977,the British Museum
823,3978,Which organization excavated Sarre cemetery in 1863?,3978,the Kent Archaeological Society
823,3979,At which cemetery is William Rockhill Nelson buried?,3979,Mt. Washington Cemetery
823,3980,"Which word immediately precedes the phrase ""of when the birth actually occurred""?",3980,regardless
824,3981,What client account number does Vivianne give Louis?,3981,34034099
824,3982,Which venue name is stated for the meeting location?,3982,Sheraton Lodge
824,3983,What time is given for meeting up at the gates?,3983,2pm
824,3984,Which amount is stated as needing to be settled to fix the issue?,3984,€30.40
824,3985,What place is mentioned as the required destination after the online option is refused?,3985,your local office
825,3986,Which year does the text state that Prince George became Duke of Kent?,3986,1934
825,3987,What date is given for Prince George's baptism at Windsor Castle?,3987,26 January 1903
825,3988,What is the identifier shown in parentheses after the act name?,3988,H.R. 698
825,3989,"In Fraser v Children's Court, Pretoria North and Others, the court suspended its order for two years so that Parliament could do what?",3989,amend the law accordingly
825,3990,Prior to what milestone must paternity be convincingly established?,3990,18th birthday
826,3991,"In the header description for CRD (film), what year appears immediately after the words ""CRD is a""?",3991,2016
826,3992,"In the Production section for CRD (film), how long did the preparation and improvisation of the actors go on for?",3992,4 months
826,3993,"The Seventh Company Outdoors is described as what to ""Now Where Did the 7th Company Get to?""?",3993,a sequel
826,3994,Peter Levin had to leave the production when he was drafted into what?,3994,the Army
826,3995,What birth date is shown in parentheses after Jason Moore’s name?,3995,"October 22, 1970"
827,3996,What percentage is stated for the memory fraction used by these neural translation models?,3996,5%
827,3997,"In the Tamil example, what count is given for inflectional forms of any given verb?",3997,"30,000"
827,3998,What sentence count is stated for the complete corpus?,3998,"197,792"
827,3999,"For the RNNSearch model, what was the restricted vocabulary size for English?",3999,"60,000"
827,4000,Which token is named as symbolizing an unknown word?,4000,UNK
828,4001,What year did Shetty make her film debut?,4001,2000
828,4002,After how many days did she leave Bigg Boss 3 to attend her sister Shilpa Shetty's wedding?,4002,42 days
828,4003,Which label is given in parentheses as another name for the Papuan dialect?,4003,"""non-central"""
828,4004,Both dialects are described as Austronesian in grammar and vocabulary due to their derivation from what?,4004,Motu
828,4005,What is the season stated as the exception when the club participated in the Belfast-based Minor League?,4005,1929–30
829,4006,What amount did Wagner say he paid for the engagement ring?,4006,$400
829,4007,Name the facility in Plantation where Betty was sedated in a hospital bed.,4007,Westside Regional Medical Center
829,4008,"The ring had been there for 67 years, until when?",4008,last Saturday
829,4009,"After Officer Laurie Graber felt something needed to be done, where did she go?",4009,J.C. Penney
829,4010,"If someone has information on the theft, which organization should be called?",4010,Broward County Crime Stoppers
830,4011,What number is given for the batch size per batch?,4011,2400
830,4012,What is the maximum sentence length limit (in BPE tokens)?,4012,100 BPE tokens
830,4013,Which optimizer is named as being used?,4013,Adam
830,4014,"In the masking procedure, what percentage is specified for items chosen to be masked?",4014,15\%
830,4015,"In the parameter-freezing analysis, which action is stated to lead to the decline on supervised direction?",4015,freezing all the parameters
831,4016,How long does the text say the company spent fighting to trademark the four-fingered wafer shape?,4016,more than a decade
831,4017,What name does the text state Kit Kat was originally called (shown between dashes)?,4017,Rowntree's chocolate crisp
831,4018,Which year is given for when the triangular chocolate brand’s shape was registered?,4018,1998
831,4019,The passage says it is not enough to prove a product became iconic in what quoted portion of the EU?,4019,a significant part
831,4020,Which brand name does the text state is not at issue in the case?,4020,KitKat
832,4021,What is Angela McGlowan's birth date?,4021,"March 2, 1970"
832,4022,How many times has a president won every state?,4022,three times
832,4023,Which liberal magazine is named as publishing the May 1966 article?,4023,The Nation
832,4024,"In the stated list of places the State of Hawaii would not include, what is the first item named?",4024,Palmyra Island
832,4025,"What phrase directly follows ""They served for four years,"" describing an earlier end to the term?",4025,unless removed sooner by the president
833,4026,What is the stated length of Carol's individual lesson in polish?,4026,3 hours
833,4027,At what time is Fabio's exam tomorrow?,4027,7AM
833,4028,Where is Max heading to?,4028,Lanzarote
833,4029,"According to Mary, to succeed you need to keep them what?",4029,interested and involved
833,4030,What is the stated exception to Alan asking him later?,4030,you see him around
834,4031,What is the strike duration stated for the players' strike?,4031,24-day
834,4032,In what year did Mitr Phol begin to produce its own sugar?,4032,1956
834,4033,What had the union missed that week to be eligible to return?,4033,owner-mandated deadline
834,4034,What date is given for the final replacement game?,4034,"October 19, 1987"
834,4035,"When a country is unable to issue new government bonds with 10-year maturity, it is dependent on disbursements from what kind of programme?",4035,a sovereign state bailout programme
835,4036,In what year did Sullivan first perform the song he composed?,4036,1888
835,4037,"What birth date is given in parentheses for the Canadian singer-songwriter from Vernon, British Columbia?",4037,6 May 1981
835,4038,"On what date did Thomas Vesey, 1st Viscount de Vesci, succeed to his father's peerage?",4038,25 June 1761
835,4039,What phrase states the time interval between the 1520 marriage and bearing a son?,4039,a year later
835,4040,How was Baron described at the time her mother co-signed the document?,4040,a fifteen-year-old minor
836,4041,What exact death date (in parentheses) is given for Jacob Le Maire?,4041,22 December 1616
836,4042,What time span is stated for editing Cahiers du cinéma?,4042,1957 to 1963
836,4043,What passage did the sailing orders expressly forbid?,4043,the Strait of Magellan
836,4044,How many of Rohmer's features were not produced by Les Films du Losange?,4044,three
836,4045,In what year was Olav Aaraas decorated with the Royal Norwegian Order of St. Olav?,4045,2010
837,4046,What is the name inside parentheses after the principal variety of purple laver?,4046,Porphyra umbilicalis
837,4047,"In what month and year was ""Albatross"" released as a single?",4047,November 1968
837,4048,"Who composed the piece ""Albatross""?",4048,Peter Green
837,4049,In which city was Huang Rui born?,4049,Beijing
837,4050,"When the definition of a mountain range is stretched to include underwater mountains, what forms the longest continuous mountain system on Earth?",4050,Ocean Ridges
838,4051,What length is stated for the Cleveland Way National Trail?,4051,110 mile
838,4052,Which number is given for the ward's population at the 2011 census?,4052,"1,764"
838,4053,How many pupils does Osmotherley Primary School have?,4053,49
838,4054,"Who is stated to have bought My Bed for £150,000?",4054,Charles Saatchi
838,4055,"When My Bed was displayed at the Tate, which item is stated as not present?",4055,a hangman's noose
839,4056,"In the Netflix Ultra chat, what did Evan say it costs per month?",4056,70PLN a month
839,4057,What exact time is given for when the wedding will start?,4057,3pm
839,4058,What did Laura say she had available in her car?,4058,two free seats
839,4059,Oscar said they needed additional parts; what duration did he say they may need?,4059,another day or two
839,4060,Daijon said it wouldn't be a bad start as long as the job is related to your what?,4060,major
840,4061,"In the “Crème de cassis” passage, what alternative name is given in parentheses after the drink’s name?",4061,Cassis Liqueur
840,4062,"In the “Crème de cassis” passage, the liqueur is described as being made from which fruit?",4062,blackcurrants
840,4063,"In the Ingredients section, which item is stated to be added later?",4063,sugar
840,4064,"In the Uganda passage, on what date was the national flag adopted?",4064,9 October 1962
840,4065,"In the Jonathan passage, what action is stated after the word “then” in the sentence about arrows being beyond him?",4065,run away
841,4066,What quoted nickname is given for Mika Pauli Häkkinen?,4066,The Flying Finn
841,4067,What birth date is stated for Mika Pauli Häkkinen?,4067,28 September 1968
841,4068,"What is the stated weight (with water, oil and driver) for the McLaren MP4/13?",4068,600 kg
841,4069,Which Grands Prix are listed as the events where West logos were not featured on the cars?,4069,"the French, British and German Grands Prix"
841,4070,"After the FIA sided with Ferrari, what was the team allowed to keep?",4070,their results up to that point
842,4071,What month and year are stated for the release of the first sequel in the Traces of Death series?,4071,June 1994
842,4072,Which organization is named as releasing the 2003 DVD box set of the entire series?,4072,Brain Damage Films
842,4073,What percentage is given as the Rotten Tomatoes approval rating for Querelle?,4073,57%
842,4074,"In the described dice-game rule, what must the suitor submit to first if he loses?",4074,anal sex with Nono
842,4075,"Despite not being released theatrically, on what date did Le masque de la Méduse premiere?",4075,19 November 2009
843,4076,"In the Pew Research Center poll mentioned, what percentage is given for Germans who believed homosexuality should be accepted by society?",4076,87%
843,4077,What date is given for when the PRC authorities set up the Association for Relations Across the Taiwan Straits (ARATS)?,4077,16 December 1991
843,4078,"Within the parenthetical list of the Reds' home-opening exceptions, which year is tied to starting the season at Philadelphia after rain washed out the opening series in Cincinnati?",4078,1966
843,4079,What is stated as the reason for the interruption during ITU TV's stagnation period?,4079,1960 Turkish coup d'état
843,4080,"According to the text, the ""Theory of Relativity of Distance"" resolves the problem by multiplying by what?",4080,the square root of minus one
844,4081,In what year was Brian Goodwin born?,4081,1931
844,4082,What scholarship is mentioned in connection with emigrating to the UK?,4082,Rhodes Scholarship
844,4083,"What current name was adopted on May 21, 1968?",4083,Kingsbrook Jewish Medical Center
844,4084,Who hosted the meetings in Villa Serbelloni?,4084,Rockefeller Foundation
844,4085,Which person is named in the parenthetical 'save for' clause about storylines?,4085,Vega
845,4086,What is the quoted acronym in the plan name pushed through by the engineers?,4086,LUTS
845,4087,What annual salary is stated for the first organist hire at St. Mark's in Venice?,4087,40 ducats
845,4088,Under what name did the person enroll at Palo Alto High School?,4088,Jay Mitchell Huntsman
845,4089,"Who did Ward replace Whitmer with on February 27, 2009?",4089,Tony Russell
845,4090,How many names of the designated Assault Guards are known?,4090,four
846,4091,On what date was Spy Ship released by Warner Bros.?,4091,"June 6, 1942"
846,4092,What operating budget amount is stated for Mystery Mountain?,4092,"$65,000"
846,4093,Which company is named as releasing Competition?,4093,Mutual Film
846,4094,Which film is explicitly described as Eason's directorial debut?,4094,Competition
846,4095,"In the sentence containing ""limited mainly to"", what are the first two words immediately after that phrase?",4095,low-budget westerns
847,4096,What dollar amount is stated as the maximum amount of the contract awarded to Cerner in May 2018?,4096,$10 billion
847,4097,How many instances of VistA is Cerner stated to replace?,4097,130 instances
847,4098,What amount was appropriated for fiscal year 2019 for planning and managing the transition from VistA to Cerner?,4098,$1.1 billion
847,4099,What does the Governance Integration Board serve as for the EHRM program?,4099,Configuration Control Board
847,4100,What were sites allowed to do if there was a need to continue to operate a nonstandardized VistA instance?,4100,apply for a waiver
848,4101,What amount is shown in parentheses as the current micro-purchase threshold?,4101,"$10,000"
848,4102,What amount is shown in parentheses as the current simplified acquisition threshold?,4102,"$250,000"
848,4103,What is the stated current count of PCRs?,4103,49 PCRs
848,4104,What time span is stated as the participation limit for the 8(a) Program?,4104,nine years
848,4105,Which word introduces the exception to reserving certain contracts exclusively for small businesses?,4105,unless
849,4106,"In Passage 2, what year is given after the phrase indicating the castle is 'dating to'?",4106,1504
849,4107,"In the description of the courtyard buildings, what height is stated for the remaining curtain wall?",4107,10 m
849,4108,"In Passage 1, what is stated as the alternative name of the structure?",4108,Cowie Chapel
849,4109,"In the Mearns FM history section, for how long could community stations operate at a time?",4109,28 days
849,4110,"In Passage 9, what year is mentioned in the statement about being able to keep broadcasting until at least a certain year?",4110,2024
850,4111,What time is specified for the play?,4111,The Present
850,4112,What is the date listed for the first production at the Duke of York's Theatre?,4112,"FEBRUARY 21, 1910"
850,4113,Which code is mentioned for the person the visitor had been seeing?,4113,Q 3007
850,4114,"By what point did Mr. Walter How come back from Trenton, ending the period the cheque-book stayed in his pocket?",4114,Tuesday morning
850,4115,"If any sign of injury to his health shows itself, what will happen to his case?",4115,reported at once
851,4116,What is the stated release date for Please Hammer Don't Hurt 'Em?,4116,"February 12, 1990"
851,4117,"What dollar amount is offered as a bounty to successfully ""take out"" Goldberg?",4117,"$100,000"
851,4118,"For World War II, missions are based solely on what theater of operations?",4118,European Theater of Operations
851,4119,Which Charter article is described as impermissible to view as overriding Article 101 (3)?,4119,Article 8
851,4120,Which nation at Uppsala is explicitly named as the single exception to the membership requirement?,4120,Södermanland-Nerikes nation
852,4121,In what year does the text state that Fougeres lived in the rue de Navarin?,4121,1832
852,4122,What catalogue number appears immediately before the entry for “Grassou de Fougeres (Pierre)”?,4122,510.
852,4123,What amount did Elie Magus give him after eying his first picture?,4123,fifteen francs
852,4124,Complete the quoted statement: “Without selection by the Academy there will be no ____”,4124,Salon
852,4125,In whose presence were the green baize curtains “not undrawn”?,4125,young ladies
853,4126,In which year was the Mermaid Series launched?,4126,1887
853,4127,"Around 1894, which London firm took over the Mermaid Series?",4127,T. Fisher Unwin
853,4128,The name of the Mermaid Series alludes to which tavern?,4128,Mermaid Tavern
853,4129,What birth date is given for Enoch Arnold Bennett in parentheses?,4129,27 May 1867
853,4130,Ellis wrote that sterilization of the unfit must be voluntary and never what?,4130,compulsory
854,4131,What date is given for the release of Hillside Album?,4131,13 July 1998
854,4132,What was the stated value of the sponsorship contract?,4132,"25,000 Euros"
854,4133,On what date was Undine successfully refloated?,4133,1 August
854,4134,Harley Earl's approval led to the acceptance of what proposal?,4134,Duntov's proposal to establish the Corvette racing team
854,4135,Which ambient elements are said to be ignorable from the surface analysis?,4135,carbon and nitrogen
855,4136,What date is given in parentheses for Sarah-Jane Hutt?,4136,"October 3, 1964"
855,4137,In what year did the £42.5 million purpose built museum in Leeds Dock open?,4137,1996
855,4138,What percentage reduction is stated as preceding the staff job losses mentioned for March 2011?,4138,15%
855,4139,Access to the fifth floor is only possible from what?,4139,designated gold lift
855,4140,What is the current limit stated for the duration of Tests?,4140,five days
856,4141,What sampling-rate value is stated for the CW-based fNIRS system?,4141,6.25 Hz
856,4142,What ClinicalTrials.gov identifier is provided for the study?,4142,NCT02980380
856,4143,What count is explicitly given for how many items a session contains?,4143,20 questions
856,4144,Feedback was provided only if classification accuracy was greater than what?,4144,chance-level upper limit
856,4145,"In the sentence that begins with the phrase about a single exception, which participant is referenced?",4145,patient W
857,4146,What date is stated for when Great News premiered on NBC?,4146,"April 25, 2017"
857,4147,How many episodes are stated for Great News's second season renewal?,4147,13 episodes
857,4148,What year is given for when 3 Arts Entertainment was founded?,4148,1991
857,4149,What time is stated for FX's Thursday broadcast of Louie (season 2) in the United States?,4149,10:30 pm
857,4150,"In Louie (season 5), what substance is named in the phrase ""high on"" describing the reason for the shortened season length?",4150,marijuana
858,4151,What feature of big corporations is cited as the reason they were essentially blocked from running casinos in Nevada?,4151,many shareholders
858,4152,How many teams are mentioned as having never won the Super Bowl?,4152,12
858,4153,"In the summer months, low flows run about how many cubic feet per second (cfs)?",4153,2 cubic feet per second (cfs)
858,4154,"In the production LFA name, the quoted letter stands for which word?",4154,Apex
858,4155,"Godfrey's reputation for what was described as ""one exception""?",4155,bullying members of his cast offstage
859,4156,"What date appears inside parentheses after the name ""Monty Sharma""?",4156,17 April 1970
859,4157,"What is the stated date when the film was eventually released in India, the United Kingdom and North America?",4157,14 December 2001
859,4158,Which company name is given in the personal album contract offered as a prize to the winner?,4158,Big Music
859,4159,"In the described phone-based audition method, what number did the participant have to call from their Hutch mobile number?",4159,12399
859,4160,What maximum duration is stated for Hindi songs the participant was allowed to sing?,4160,60 seconds
860,4161,What year is Love's Joys and Woes described as a German silent comedy film?,4161,1926
860,4162,At which venue in Berlin did We Stick Together Through Thick and Thin premiere?,4162,Marmorhaus
860,4163,"On what date did Henderson make one final appearance on NBC-TV's ""This Is Your Life""?",4163,"March 10, 1954"
860,4164,Narcotics is the French-language version of which 1932 German film?,4164,The White Demon
860,4165,"In the exception clause ""(except for Roman and guitarist ...)"", which guitarist is named?",4165,Coco Schumann
861,4166,What time does Greta say she will be at the pub?,4166,7.30pm
861,4167,"According to Hugo, when will Belize hold a referendum?",4167,April 2019
861,4168,What start time does Larry give for tomorrow's training?,4168,6:30
861,4169,What does John tell Allison to take rather than driving?,4169,a taxi
861,4170,What does Allison mention as the only reason someone might need to bring something?,4170,special dietary requirements
862,4171,"In Passage 1, what birth year appears in parentheses after the person’s name?",4171,1976
862,4172,Who is credited as the director of the 1951 short fantasy film titled “Santa and the Fairy Snow Queen”?,4172,Sid Davis
862,4173,"In Passage 3, which performer is stated as being in the titular role?",4173,Helen Mirren
862,4174,"In Passage 4, which person is named as taking over the titular role from the earlier performer?",4174,Julia McKenzie
862,4175,"In Passage 2, what words immediately follow “can only change the toys back”?",4175,if they wish
863,4176,What email address is provided for contacting Broadjam if something is unclear?,4176,info@broadjam.com
863,4177,Who is named as Broadjam's designated agent?,4177,Elizabeth T Russell
863,4178,After how long are Broadjam-issued checks declared void?,4178,180 days
863,4179,Changes to the agreement become effective upon being posted to what?,4179,the Site
863,4180,What is the stated cap that Broadjam's total cumulative liability cannot exceed?,4180,"the total amount paid by you, if any, to access the Site"
864,4181,"Which year is stated as the probable writing date of The ""Huron Carol""?",4181,1642
864,4182,How many points did Hitchin reach in the 2009–10 campaign described?,4182,100 points
864,4183,What day and month are given for Hannover being decommissioned at Kiel?,4183,25September
864,4184,"Fill the missing phrase: ""In probabilistic terms, a traffic trace ____ of a random process"".",4184,is a realization
864,4185,"According to canonical teaching, what is the only legitimate reason for a divorce?",4185,adultery
865,4186,In what year did Alexa Internet begin donating crawl data to the Internet Archive?,4186,1996
865,4187,How many students from the university's athletics union were on the trip mentioned?,4187,150
865,4188,What is the name of the student newspaper referenced in the passage?,4188,the Beaver
865,4189,After what period are these data added to the Wayback Machine?,4189,an embargo period
865,4190,What must be shown to be true for disciplinary action to be taken?,4190,the allegations
866,4191,"In the passage about ""Food, Glorious Food"", who is it written by?",4191,Lionel Bart
866,4192,What four-digit year appears in the sentence stating when the poem was first published?,4192,1818
866,4193,"In the radiation measurement passage, a milliroentgen (""mR"") is equal to what fraction of a roentgen?",4193,one one-thousandth of a roentgen
866,4194,"In the SI-units relationship list, what appears on the right-hand side of the expression ""1Sv =""?",4194,100 rem
866,4195,"In the wobbegong passage, what is the adverb–verb phrase describing what people do before being bitten in shallow water?",4195,accidentally step on
867,4196,On what date were the 2019-20 allocations published?,4196,4 June
867,4197,"For 2019-20, what amount is being allocated?",4197,£149 million
867,4198,"In 2017-18, operating cash was about what percentage of income?",4198,7.6 per cent
867,4199,The targeted HE-FE collaboration funding was constrained to be available only to do what (as stated)?,4199,pump-prime new activity or to add value to existing activity
867,4200,Borrowing is exempt from requiring HEFCW consent when it is described as what?,4200,relatively trivial borrowing
868,4201,What year is stated for when the village was founded by Sir Samuel Davenport?,4201,1848
868,4202,What area (in hectares) is given for the City of Burnside?,4202,"2,753 hectares"
868,4203,"According to the 2010 census, what was the population of Ardmore?",4203,"24,283"
868,4204,"In the stated rule for appointing a successor trustee, which vote type is explicitly negated?",4204,majority vote
868,4205,Which weekday is singled out as the exception to the usual weekday closing time for the library?,4205,Thursday
869,4206,In what month and year was the Académie Royale de Danse founded?,4206,March 1661
869,4207,How many pupils did Form IV start with?,4207,fourteen
869,4208,On what date was Ferdinand's status downgraded from treaty hostage to common prisoner?,4208,11 October 1438
869,4209,"What is the exception stated after the word ""except"" in the pledge's first sentence?",4209,in self-defense
869,4210,Which words are given as the reason the remarks cannot be taken at face value?,4210,"polemical, biased and misleading"
870,4211,What was Cohen's number (as stated in the text)?,4211,182492
870,4212,"In the explanation of Abbruchkommando Krematorium, what task is it in charge of?",4212,the demolition of the Krematoriums
870,4213,"According to the text, what action was forbidden for members of the Sonderkommando?",4213,leave the camp
871,4214,What year was the Broward Correctional Institution facility opened?,4214,1977
871,4215,Which date is stated as the new premiere date for Shooter?,4215,"November 15, 2016"
871,4216,When is the neon described as not being lit?,4216,During the day
872,4217,In what year was the Ballbarrow released in the UK?,4217,1974
872,4218,How many people does the Crucible seat?,4218,980
872,4219,The breathalyser was initially only used for what?,4219,indicative purposes
873,4220,What is the stated death date for Diego Fernández de Villalán?,4220,7 Jul 1556
873,4221,Who is named as confirming him as Bishop of Almería?,4221,Pope Adrian VI
873,4222,Which child is explicitly excluded from those born before February 1020?,4222,Justa
874,4223,El-Hamrawy was arrested with how many additional people?,4223,five
874,4224,Public political gatherings of more than what number trigger the prior police permit rule?,4224,10
874,4225,The appeals hearing for their case is scheduled to take place on which day?,4225,Saturday
875,4226,In what year does the text say Pratt was appointed a chaplain of the East India Company?,4226,1838
875,4227,After how long did the 1864 order require chaplains to retire?,4227,twenty-five years
875,4228,"According to the text, the name Ledi Sayadaw is described as meaning what (first two words only)?",4228,respected teacher
876,4229,"What year is given immediately after the words ""Introduced in""?",4229,2001
876,4230,What numeric value is specified as the confidence score used with TagMe!?,4230,0.3
876,4231,"In the B2 baseline description, which four-word operator appears between the comma and the title criterion?",4231,if and only if
877,4232,What is the size of the corpus created as a prerequisite to training the model?,4232,"5,000"
877,4233,What is the ending month and year for when the sampled posts appeared?,4233,March 2015
877,4234,"When training the model, which quartiles of comments are used?",4234,top and bottom quartiles
878,4235,Nancy says she has lost what amount of water weight?,4235,7 pounds
878,4236,"What identifier appears after the text ""The number of package are:""?",4236,CA20192735641
878,4237,Which three-word limitation does Bill state about when he can come and deal with it?,4237,only after lunch
879,4238,Approximately how many students does Pinkerton Academy serve?,4238,"3,269"
879,4239,"Due to an in-game bug, the player loses the continue function immediately upon merely setting foot in which domain?",4239,the earth domain
879,4240,What is the length of the BOT concession period?,4240,30 years
880,4241,In what year was the Saint Gevork of Mughni Church in Tbilisi entirely rebuilt?,4241,1756
880,4242,Until what period did the Saint Gevork of Mughni Church serve as a museum of folk art?,4242,the mid-1980s
880,4243,The title is an allusion to which 1952 collection of essays?,4243,Scrutiny: The Common Pursuit
881,4244,After making what kind of landing was the helicopter damaged?,4244,a hard landing
881,4245,The handover of the helicopter tail was to be made on which day?,4245,Tuesday
881,4246,Gillani began a how-long visit to China?,4246,four-day
882,4247,"When was ""I've Never Seen Star Wars"" first broadcast on BBC Four?",4247,early 2009
882,4248,"The title of ""I've Never Seen Star Wars"" comes from which producer and creator?",4248,Bill Dare
882,4249,What is the starting date stated for the Atlantic hurricane season?,4249,June 1
883,4250,Electrum is often known as what two-word term?,4250,green gold
883,4251,Electrum’s colour ranges from pale to bright yellow depending on the proportions of which two metals?,4251,gold and silver
883,4252,Conservative management mentions angulation under what degree value?,4252,10°
884,4253,"What is the name of the record company mentioned after the demo tapes were made in 1960 in Boise, Idaho?",4253,Gardena Records
884,4254,"In the statement about the last album of cover songs, what is identified as the next album?",4254,Midnight Ride
884,4255,"In the track listing line about who sang all songs, what exact words indicate an exception?",4255,except where noted
885,4256,"In United's updated boarding process, how many lanes will be used for boarding?",4256,two lanes
885,4257,Chase co-branded credit card holders will board in which group?,4257,group 2
885,4258,What must be received before the parties fully implement the JBA?,4258,necessary government approvals
886,4259,"What number is given after the name ""Middleton,"" in the sentence describing the passenger seat of an Audi convertible?",4259,28
886,4260,What quantity did the picture editor for U.K.'s Daily Mail newspaper say cross his desk every single day?,4260,400 photographs
886,4261,Police told ABC News there is no investigation for what stated reason?,4261,no one has filed a complaint
887,4262,What is the stated highest aggregate for the retired Sri Lankan bowler Muttiah Muralitharan?,4262,800 wickets
887,4263,"In 2003, the NCDL was rebranded as what?",4263,Dogs Trust
887,4264,"In the sentence beginning ""Dogs Trust never euthanises healthy dogs,"" what two-word phrase immediately follows ""however""?",4264,some dogs
888,4265,"According to the text, what does it say the chance remains?",4265,fifty-fifty
888,4266,"In the text, what did Abraham see come to life?",4266,the birds
888,4267,What must be used in a comment to qualify for a personal reply?,4267,blogger's name/nick
889,4268,What butter amount is stated as the monthly limit in the welfare coupons sentence?,4268,200g
889,4269,Which street address is given for the Blackpool exhibition?,4269,111 Central Promenade
889,4270,"Which body is named right after the phrase ""Mandated by the"" in the NRPs description?",4270,Federal Council
890,4271,What area is stated for East Thrace?,4271,"23,764 km2"
890,4272,Which law is named in the parenthetical that explains processor power doubling?,4272,Moore's Law
890,4273,The text says floating migrants have complicated data collection especially since what year?,4273,2013
891,4274,"In Elijah's message, what location is given for the Monday 6 p.m. meeting?",4274,room 12
891,4275,"According to Marie, who has to fill in page 4?",4275,Only non-residents of Alberta
891,4276,How long is the train delayed?,4276,30 minutes
892,4277,"In East Timor, which city is its capital and largest city?",4277,Dili
892,4278,For how long would the multinational force be present in East Timor before replacement?,4278,four months
892,4279,What percentage of the vote must parties achieve to enter parliament?,4279,3%
893,4280,Neuronblocks is built on which deep learning framework?,4280,PyTorch
893,4281,"In the sentence that lists two layers after a colon, which layer is mentioned first?",4281,Block Zoo
893,4282,How many questions are stated to be in the WikiQA dataset?,4282,"3,047"
894,4283,"In December 2004, initial observations indicated a probability up to what percentage?",4283,2.7%
894,4284,"On December 27, 2004, what level did Apophis reach on the Torino scale?",4284,level 4
894,4285,"According to the text, firing would occasionally create what in the walls?",4285,small holes
895,4286,Which years is the current and third guildhall stated to have been built between?,4286,1906 and 1913
895,4287,Construction of which railway is given as the reason they moved in 1882?,4287,Canadian Pacific Railway
895,4288,Students were given permission to visit the city of Mission until what year?,4288,1948
896,4289,What numeric range is given for the rays of the anal fin?,4289,11-14
896,4290,In what year was the University of East Anglia's Creative Writing Course founded?,4290,1970
896,4291,Which genus is named in the statement about being the only species in a monospecific genus?,4291,Lavinia
897,4292,On what date was Seasoned Veteran released?,4292,"November 5, 1996"
897,4293,Where is Levni Yilmaz based?,4293,San Francisco
897,4294,"In the sentence ""Of his personal history nothing is known, except that he had ____ at Jerusalem"", what fills the blank?",4294,seen the Temple
898,4295,What scheduled release date are Scott and Sony still committed to hitting?,4295,Dec. 22
898,4296,Which role is stated as the one to be reshot after the casting change?,4296,J. Paul Getty
898,4297,"Fill in the final two words in: ""Rating is available when the video has ___"".",4297,been rented
899,4298,What amount of reserves did Dry Fork have as of 2009?,4298,330 mm tons
899,4299,In which year was the Raspadskaya Coal Mine opened?,4299,1973
899,4300,"Which taxes were excluded from the statement that no corporate, federal, provincial taxes or government royalties were paid in 2010?",4300,personal income taxes
900,4301,In what year was the Buckingham Archeological Site listed on the National Register of Historic Places?,4301,1975
900,4302,How many people does Paravakkal consist of?,4302,1723
900,4303,"In Bylakuppe, what is mandatory for foreigners to stay overnight?",4303,PAP
901,4304,On what date did Stan Rice die?,4304,"December 9, 2002"
901,4305,What date is given for the release of Pownall's debut EP?,4305,5 April 2010
901,4306,The London production of Riflemind closed as a result of the financial pressure of what?,4306,Global Financial Crisis
